{"Epoch": 21, "Avg. Epoch Loss:": 4.011187791956929e-06, "Train MAE": 479.446044921875, "Train RMSE": 282.9090270996094, "Val MAE": 44.179554298276756, "Val RMSE": 114.21633717722025, "_runtime": 5702, "_timestamp": 1645810005, "_step": 20}