{"Epoch": 20, "Avg. Epoch Loss:": 4.022835364931943e-06, "Train MAE": 475.04498291015625, "Train RMSE": 287.2469787597656, "Val MAE": 40.450575996057054, "Val RMSE": 89.96329282709566, "_runtime": 5430, "_timestamp": 1645809733, "_step": 19}