{"Epoch": 1, "Avg. Epoch Loss:": 2.8153058121048954e-07, "Train MAE": 45.12667465209961, "Train RMSE": 91.48855590820312, "Val MAE": {"min": 63.79626749611197}, "Val RMSE": {"min": 139.23890542454654}, "_runtime": 340, "_timestamp": 1645810080, "_step": 0}